{
  "src/types/supabase.ts": 1781196014.0043824,
  "src/app/layout.tsx": 1779534720.27203,
  "src/app/page.tsx": 1773610760.5080504,
  "src/app/auth/impersonate/page.tsx": 1779534720.2713706,
  "src/app/api/ai-suggestions/route.ts": 1781282586.1124163,
  "src/app/api/ping/route.ts": 1779534707.7830856,
  "src/app/api/recipes/route.ts": 1781281594.7801247,
  "src/app/api/ai/route.ts": 1781282585.9655879,
  "src/app/api/cron/close-session/route.ts": 1779534707.782633,
  "src/app/api/cron/daily-report/route.ts": 1781193588.291016,
  "src/app/(superadmin)/layout.tsx": 1773609522.6157887,
  "src/app/(superadmin)/admin/layout.tsx": 1779534707.7815576,
  "src/app/(superadmin)/admin/page.tsx": 1779534707.78192,
  "src/app/(superadmin)/admin/statistiques-commandes/page.tsx": 1781196024.413669,
  "src/app/(p\u00e2tisserie)/layout.tsx": 1781350060.8229358,
  "src/app/(p\u00e2tisserie)/caisse/page.tsx": 1781193588.2887344,
  "src/app/(p\u00e2tisserie)/caisse/sessions/page.tsx": 1781193588.2890801,
  "src/app/(p\u00e2tisserie)/commandes/page.tsx": 1781193588.2897012,
  "src/app/(p\u00e2tisserie)/inventaire/page.tsx": 1779534720.270226,
  "src/app/(p\u00e2tisserie)/dashboard/ProductionPlan.tsx": 1779534707.779397,
  "src/app/(p\u00e2tisserie)/dashboard/VitrineSalesClient.tsx": 1779534707.7799084,
  "src/app/(p\u00e2tisserie)/dashboard/VitrineSales.tsx": 1781193588.2900293,
  "src/app/(p\u00e2tisserie)/dashboard/page.tsx": 1781281595.348416,
  "src/app/(p\u00e2tisserie)/dashboard/clients/page.tsx": 1779534720.269758,
  "src/app/(p\u00e2tisserie)/ingredients/page.tsx": 1779534720.269979,
  "src/app/(p\u00e2tisserie)/ai-assistant/page.tsx": 1779534707.7780144,
  "src/app/(p\u00e2tisserie)/equipe/page.tsx": 1779534707.780479,
  "src/app/(p\u00e2tisserie)/catalogue/page.tsx": 1781193588.2894335,
  "src/app/(auth)/setup/page.tsx": 1772452751.0625463,
  "src/app/(auth)/kiosk/page.tsx": 1781193588.2879295,
  "src/app/(auth)/login/page.tsx": 1781193588.2882934,
  "src/app/offline/page.tsx": 1779534707.7838929,
  "src/providers/CurrencyProvider.tsx": 1779534707.8007207,
  "src/components/ui/NumPad.tsx": 1779534720.282661,
  "src/components/ui/TimeDigiPad.tsx": 1781193588.2966313,
  "src/components/ui/Pagination.tsx": 1779534707.793621,
  "src/components/ui/DatePicker.tsx": 1781193588.296343,
  "src/components/ui/TouchSelect.tsx": 1781193588.2971969,
  "src/components/ui/StatCard.tsx": 1779534720.2840703,
  "src/components/ui/ConfirmModal.tsx": 1779534707.7922173,
  "src/components/ui/ImageCropper.tsx": 1779534707.7928617,
  "src/components/ui/TouchInput.tsx": 1781193588.2969022,
  "src/components/ui/MonthPicker.tsx": 1779534707.7931185,
  "src/components/ui/Skeleton.tsx": 1779534720.2829812,
  "src/components/ui/ErrorBoundary.tsx": 1779534720.2820818,
  "src/components/caisse/CatalogueModal.tsx": 1781193588.2922566,
  "src/components/caisse/ReceiptModal.tsx": 1779534720.2739725,
  "src/components/caisse/CRMSelector.tsx": 1779534720.2728648,
  "src/components/caisse/CaisseClient.tsx": 1781193588.2919793,
  "src/components/caisse/RefundModal.tsx": 1779534720.2742307,
  "src/components/caisse/SessionsHistoryClient.tsx": 1781193588.2925231,
  "src/components/auth/AutoLockProvider.tsx": 1779534707.7846882,
  "src/components/layout/NetworkWrapper.tsx": 1779534707.789326,
  "src/components/layout/NetworkBanner.tsx": 1779534707.789073,
  "src/components/layout/DashboardSidebar.tsx": 1781193588.294362,
  "src/components/layout/SessionMaster.tsx": 1781350054.207443,
  "src/components/providers/RegisterSW.tsx": 1779534707.7916372,
  "src/components/providers/OfflineProvider.tsx": 1779534720.281886,
  "src/components/providers/ReactQueryProvider.tsx": 1779534707.7912707,
  "src/components/admin/SuperAdminSidebar.tsx": 1781195959.9018269,
  "src/components/admin/AdminUsersClient.tsx": 1774880275.6915295,
  "src/components/admin/AdminClient.tsx": 1779534720.2725854,
  "src/components/shared/RealtimeSync.tsx": 1779534707.7920012,
  "src/components/dashboard/CustomerIntelligenceModal.tsx": 1779534720.2769089,
  "src/components/dashboard/DashboardNewOrderButton.tsx": 1779534720.277557,
  "src/components/dashboard/CustomerListClient.tsx": 1779534720.2771778,
  "src/components/dashboard/AIAssistant.tsx": 1779534720.2759464,
  "src/components/dashboard/CustomerCreateModal.tsx": 1779534720.2761893,
  "src/components/dashboard/CustomerDetailModal.tsx": 1779534720.2766056,
  "src/components/dashboard/crm/CustomerNotes.tsx": 1779534720.278078,
  "src/components/dashboard/crm/CustomerPreferences.tsx": 1779534720.2783275,
  "src/components/dashboard/crm/QuickProductSelectionOverlay.tsx": 1779534720.2790084,
  "src/components/dashboard/crm/types.ts": 1779534720.2792168,
  "src/components/dashboard/crm/CustomerTimeline.tsx": 1779534720.2785382,
  "src/components/dashboard/crm/QRCodeOverlay.tsx": 1779534720.2787437,
  "src/components/inventory/IngredientModal.tsx": 1779534720.2794821,
  "src/components/inventory/InventaireClient.tsx": 1779534720.2800224,
  "src/components/inventory/IngredientsClient.tsx": 1779534720.2797341,
  "src/components/inventory/StockMovementModal.tsx": 1779534720.2803524,
  "src/components/equipe/EquipeClient.tsx": 1779534707.787363,
  "src/components/equipe/EmployeeCard.tsx": 1781193588.2935574,
  "src/components/equipe/EmployeeModal.tsx": 1781350131.0761614,
  "src/components/equipe/PayEventModal.tsx": 1779534707.7876608,
  "src/components/equipe/PayslipDrawer.tsx": 1779534707.787984,
  "src/components/orders/OrdersClient.tsx": 1781193588.2960484,
  "src/components/orders/NewOrderModal.tsx": 1781196031.9796693,
  "src/components/orders/OrderDrawer.tsx": 1781193588.2956548,
  "src/components/orders/HistoricalImportModal.tsx": 1781391448.1075053,
  "src/components/catalogue/ProductModal.tsx": 1781193588.2931464,
  "src/components/catalogue/CatalogueClient.tsx": 1781193588.2928145,
  "src/components/catalogue/CatalogueHeader.tsx": 1779534707.7857783,
  "src/hooks/usePhoneCRMLookup.ts": 1779534720.2853315,
  "src/hooks/useProductFilter.ts": 1779534720.285484,
  "src/hooks/useNetworkStatus.ts": 1779534707.7947633,
  "src/scripts/check-manager.js": 1781193588.2992651,
  "src/scripts/check-sessions.js": 1781193588.2996938,
  "src/lib/env.ts": 1779534720.2881691,
  "src/lib/auth/organization-context.ts": 1781390666.7051194,
  "src/lib/auth/session.ts": 1781282622.7283413,
  "src/lib/constants/catalogue.ts": 1779534720.288024,
  "src/lib/utils/crop-image.ts": 1779534707.8000467,
  "src/lib/utils/subscription.ts": 1779534707.8004503,
  "src/lib/utils/image-compression.ts": 1779534707.8002596,
  "src/lib/schemas/product.ts": 1779534707.7993922,
  "src/lib/schemas/order.schema.ts": 1781195647.8901396,
  "src/lib/schemas/transactions.ts": 1779534720.2899284,
  "src/lib/schemas/employee.schema.ts": 1781193588.2989874,
  "src/lib/schemas/customer.schema.ts": 1781350148.8891609,
  "src/lib/supabase/client.ts": 1779534720.2903137,
  "src/lib/supabase/server.ts": 1781282606.6537724,
  "src/lib/actions/inventory.ts": 1781390903.0304604,
  "src/lib/actions/customers.ts": 1781350272.9684029,
  "src/lib/actions/session-utils.ts": 1781350438.35481,
  "src/lib/actions/employees.ts": 1781350125.5819676,
  "src/lib/actions/stats.ts": 1779534707.7974598,
  "src/lib/actions/admin.ts": 1781282814.5618598,
  "src/lib/actions/setup.ts": 1779534707.7972548,
  "src/lib/actions/products.ts": 1781391405.0669568,
  "src/lib/actions/orders.ts": 1781460422.795439,
  "src/lib/actions/caisse.ts": 1781390683.8585455,
  "src/lib/actions/sessions.ts": 1781350026.8625407,
  "src/lib/actions/auth.ts": 1779534720.2864053,
  "src/lib/offline/db.ts": 1779534720.2886665,
  "src/lib/offline/sync.ts": 1779534720.288882
}